reorder_needed,probability,product_id,product_name,category,brand,stock_quantity,daily_sales_avg,restock_lead_days,supplier_price,sale_price,promotion_active
0,0.5465297102928162,1,Xiaomi Áudio 1,Áudio,Xiaomi,45,11,18,1474.65,1655.83,1
1,0.5485619306564331,2,Apple Áudio 2,Áudio,Apple,156,19,19,2502.79,3438.11,1
0,0.5465297102928162,3,Sony Áudio 3,Áudio,Sony,155,9,14,1206.76,1606.0,1
0,0.5484155416488647,4,LG Áudio 4,Áudio,LG,79,18,18,1610.14,2155.45,0
1,0.5485619306564331,5,Apple Smartphone 5,Smartphone,Apple,111,24,10,222.2,264.19,1
0,0.5484155416488647,6,Sony Smartphone 6,Smartphone,Sony,195,5,5,3630.26,4242.72,0
0,0.5465297102928162,7,Lenovo TV 7,TV,Lenovo,90,5,3,1551.45,2472.99,1
0,0.5484155416488647,8,Samsung TV 8,TV,Samsung,121,9,5,2529.55,3482.55,0
1,0.5485619306564331,9,Asus Notebook 9,Notebook,Asus,21,22,5,2289.32,3278.82,1
0,0.5484155416488647,10,Sony Acessório 10,Acessório,Sony,119,29,18,1994.48,3082.56,0
0,0.5484155416488647,11,Xiaomi Notebook 11,Notebook,Xiaomi,48,22,6,3783.14,5297.09,0
0,0.5484155416488647,12,LG Áudio 12,Áudio,LG,199,4,19,2616.69,3695.2,0
0,0.5465297102928162,13,Dell Acessório 13,Acessório,Dell,146,10,4,3836.83,4640.11,1
0,0.5484155416488647,14,Lenovo TV 14,TV,Lenovo,135,10,14,1855.75,2758.69,0
0,0.5465297102928162,15,Asus TV 15,TV,Asus,158,14,3,3100.0,4914.33,1
1,0.5485619306564331,16,LG Smartphone 16,Smartphone,LG,11,28,13,3670.14,4805.42,1
0,0.5465297102928162,17,Samsung Smartphone 17,Smartphone,Samsung,63,11,13,930.01,1111.94,1
0,0.5484155416488647,18,Samsung Acessório 18,Acessório,Samsung,107,27,8,3278.9,4250.51,0
1,0.5485619306564331,19,Asus TV 19,TV,Asus,58,22,15,2686.34,3263.28,1
0,0.5484155416488647,20,Xiaomi Áudio 20,Áudio,Xiaomi,43,5,12,443.8,516.11,0
0,0.5465297102928162,21,JBL TV 21,TV,JBL,193,17,17,3750.31,5288.46,1
1,0.543843686580658,22,JBL TV 22,TV,JBL,12,19,15,527.89,739.57,0
0,0.5465297102928162,23,Asus Acessório 23,Acessório,Asus,58,17,2,401.88,619.3,1
0,0.5484155416488647,24,JBL TV 24,TV,JBL,182,6,4,3248.91,4286.6,0
1,0.5485619306564331,25,Dell Áudio 25,Áudio,Dell,5,29,20,3087.16,4296.8,1
0,0.5465297102928162,26,Apple Áudio 26,Áudio,Apple,126,16,11,2793.22,3768.32,1
0,0.5465297102928162,27,Apple Áudio 27,Áudio,Apple,200,6,20,3986.52,5879.71,1
0,0.5484155416488647,28,Apple Áudio 28,Áudio,Apple,108,30,10,2003.96,2568.81,0
0,0.5484155416488647,29,JBL Smartphone 29,Smartphone,JBL,98,25,16,602.83,882.11,0
0,0.5484155416488647,30,Sony Acessório 30,Acessório,Sony,197,17,9,3326.75,5278.27,0
0,0.5484155416488647,31,Apple Áudio 31,Áudio,Apple,163,10,8,1012.48,1244.82,0
0,0.5484155416488647,32,Apple Smartphone 32,Smartphone,Apple,104,3,10,175.83,230.07,0
1,0.5485619306564331,33,Dell Smartphone 33,Smartphone,Dell,187,21,1,134.18,162.62,1
0,0.5465297102928162,34,Xiaomi Smartphone 34,Smartphone,Xiaomi,199,6,6,1157.16,1832.32,1
0,0.5465297102928162,35,Sony Smartphone 35,Smartphone,Sony,156,18,4,2877.82,3347.21,1
0,0.5484155416488647,36,JBL Notebook 36,Notebook,JBL,65,25,14,2500.01,3426.16,0
0,0.5484155416488647,37,Dell TV 37,TV,Dell,152,15,2,3279.97,4323.18,0
0,0.5465297102928162,38,Asus Notebook 38,Notebook,Asus,70,11,7,1974.98,3138.5,1
1,0.5485619306564331,39,LG Acessório 39,Acessório,LG,44,20,19,2026.31,2917.88,1
0,0.5484155416488647,40,Xiaomi Acessório 40,Acessório,Xiaomi,120,19,4,236.3,317.84,0
0,0.5484155416488647,41,JBL Áudio 41,Áudio,JBL,116,23,11,3963.21,5699.62,0
0,0.5484155416488647,42,Lenovo Áudio 42,Áudio,Lenovo,179,12,10,2662.28,3473.18,0
0,0.5484155416488647,43,Sony TV 43,TV,Sony,193,20,4,726.12,1059.37,0
0,0.5465297102928162,44,Asus Smartphone 44,Smartphone,Asus,49,8,17,734.79,1014.02,1
0,0.5484155416488647,45,Xiaomi Acessório 45,Acessório,Xiaomi,43,23,3,3174.31,4174.08,0
0,0.5484155416488647,46,JBL Acessório 46,Acessório,JBL,32,20,16,3865.66,4743.69,0
1,0.5485619306564331,47,Samsung Áudio 47,Áudio,Samsung,24,20,7,150.13,179.76,1
0,0.5484155416488647,48,LG Acessório 48,Acessório,LG,32,26,17,221.34,258.34,0
0,0.5465297102928162,49,Apple Acessório 49,Acessório,Apple,98,12,8,2880.1,4273.52,1
0,0.5465297102928162,50,Dell Acessório 50,Acessório,Dell,187,14,9,1058.22,1334.79,1
0,0.5484155416488647,51,Asus Notebook 51,Notebook,Asus,130,8,16,1672.02,2030.03,0
0,0.5465297102928162,52,JBL Acessório 52,Acessório,JBL,63,1,8,890.39,1129.47,1
1,0.5485619306564331,53,Asus TV 53,TV,Asus,195,24,9,1972.46,2950.35,1
1,0.5485619306564331,54,Dell Smartphone 54,Smartphone,Dell,178,19,8,3439.15,5067.43,1
1,0.5485619306564331,55,Dell Acessório 55,Acessório,Dell,180,24,6,2091.18,2666.47,1
0,0.5484155416488647,56,Samsung Acessório 56,Acessório,Samsung,192,16,3,3102.01,4707.13,0
1,0.5485619306564331,57,Dell Acessório 57,Acessório,Dell,138,27,18,206.16,316.52,1
0,0.5465297102928162,58,Xiaomi Smartphone 58,Smartphone,Xiaomi,181,10,10,2754.77,4126.56,1
0,0.5465297102928162,59,Dell Acessório 59,Acessório,Dell,102,1,6,167.23,234.04,1
0,0.5465297102928162,60,Sony Áudio 60,Áudio,Sony,175,15,11,3958.82,6298.33,1
1,0.5485619306564331,61,Xiaomi Acessório 61,Acessório,Xiaomi,131,24,5,1445.79,1718.9,1
0,0.5093340277671814,62,Xiaomi Smartphone 62,Smartphone,Xiaomi,15,27,6,803.3,1042.1,0
0,0.5484155416488647,63,Sony TV 63,TV,Sony,139,18,14,1899.27,2204.8,0
0,0.5484155416488647,64,JBL TV 64,TV,JBL,71,13,4,311.61,473.26,0
0,0.5484155416488647,65,Dell TV 65,TV,Dell,151,2,17,1607.6,2156.77,0
0,0.5484155416488647,66,Xiaomi Notebook 66,Notebook,Xiaomi,37,14,6,2776.79,3278.58,0
1,0.5485619306564331,67,Sony Notebook 67,Notebook,Sony,128,19,6,321.49,424.66,1
0,0.5484155416488647,68,Xiaomi TV 68,TV,Xiaomi,28,19,14,2014.27,3032.95,0
0,0.5484155416488647,69,Lenovo Smartphone 69,Smartphone,Lenovo,177,22,2,2741.7,3514.2,0
0,0.5484155416488647,70,JBL Áudio 70,Áudio,JBL,82,16,17,1058.29,1288.79,0
0,0.5465297102928162,71,JBL Áudio 71,Áudio,JBL,92,13,4,3699.92,5331.57,1
0,0.5484155416488647,72,Lenovo Acessório 72,Acessório,Lenovo,167,1,4,3814.08,4826.95,0
0,0.5465297102928162,73,Samsung Acessório 73,Acessório,Samsung,55,9,8,3858.86,5391.04,1
0,0.5465297102928162,74,Xiaomi TV 74,TV,Xiaomi,50,12,20,3750.55,4917.17,1
0,0.5484155416488647,75,Xiaomi Áudio 75,Áudio,Xiaomi,159,4,12,1112.23,1623.3,0
1,0.5485619306564331,76,Samsung Smartphone 76,Smartphone,Samsung,116,30,19,955.54,1161.8,1
0,0.5484155416488647,77,Lenovo Smartphone 77,Smartphone,Lenovo,127,1,4,465.68,673.1,0
1,0.5485619306564331,78,Samsung TV 78,TV,Samsung,144,28,12,1706.31,2188.39,1
0,0.5465297102928162,79,Sony Áudio 79,Áudio,Sony,64,17,1,3177.28,4515.1,1
0,0.5465297102928162,80,Samsung Áudio 80,Áudio,Samsung,94,10,7,134.93,185.63,1
0,0.5484155416488647,81,JBL Notebook 81,Notebook,JBL,174,13,9,1020.41,1406.38,0
0,0.5484155416488647,82,Asus Notebook 82,Notebook,Asus,119,1,8,3720.49,4334.56,0
1,0.5485619306564331,83,JBL Notebook 83,Notebook,JBL,142,21,18,1072.65,1534.72,1
0,0.5484155416488647,84,Asus Smartphone 84,Smartphone,Asus,85,3,10,2133.19,3081.66,0
0,0.5484155416488647,85,Apple TV 85,TV,Apple,131,18,9,418.77,648.51,0
0,0.5093340277671814,86,Xiaomi Notebook 86,Notebook,Xiaomi,4,11,7,1325.01,1562.74,0
0,0.5484155416488647,87,Asus Acessório 87,Acessório,Asus,47,9,14,2230.83,3068.87,0
1,0.543843686580658,88,Lenovo TV 88,TV,Lenovo,14,7,16,1112.87,1457.7,0
1,0.5485619306564331,89,LG Smartphone 89,Smartphone,LG,169,30,8,506.99,634.23,1
1,0.5485619306564331,90,Apple Notebook 90,Notebook,Apple,97,20,16,1754.75,2199.0,1
0,0.5093340277671814,91,Sony Smartphone 91,Smartphone,Sony,24,29,2,1929.51,2701.09,0
0,0.5484155416488647,92,Asus TV 92,TV,Asus,74,25,4,110.58,132.38,0
0,0.5484155416488647,93,LG Smartphone 93,Smartphone,LG,28,13,10,171.44,259.98,0
1,0.5485619306564331,94,Xiaomi Smartphone 94,Smartphone,Xiaomi,175,27,20,1294.84,1722.69,1
0,0.5484155416488647,95,LG TV 95,TV,LG,157,30,14,2697.35,3419.79,0
0,0.5484155416488647,96,Xiaomi Acessório 96,Acessório,Xiaomi,92,6,17,1586.02,2105.77,0
1,0.5485619306564331,97,Sony Áudio 97,Áudio,Sony,131,23,18,1658.04,2615.09,1
1,0.5485619306564331,98,Dell Smartphone 98,Smartphone,Dell,124,25,4,2346.23,3545.21,1
0,0.5484155416488647,99,Asus Áudio 99,Áudio,Asus,150,21,20,2651.55,4143.84,0
1,0.5485619306564331,100,Samsung Notebook 100,Notebook,Samsung,103,20,2,742.55,953.32,1
0,0.5465297102928162,101,Lenovo Acessório 101,Acessório,Lenovo,105,16,11,1453.73,1788.46,1
0,0.5484155416488647,102,JBL Notebook 102,Notebook,JBL,104,5,11,705.7,797.86,0
0,0.5465297102928162,103,Lenovo Acessório 103,Acessório,Lenovo,101,14,11,2714.92,3479.92,1
0,0.5465297102928162,104,Dell TV 104,TV,Dell,152,7,14,618.02,894.38,1
1,0.543843686580658,105,Samsung Áudio 105,Áudio,Samsung,20,6,13,627.34,933.91,0
0,0.5465297102928162,106,JBL Notebook 106,Notebook,JBL,129,9,4,3614.36,4833.3,1
0,0.5465297102928162,107,JBL TV 107,TV,JBL,144,17,20,1893.92,2137.08,1
0,0.5484155416488647,108,JBL Acessório 108,Acessório,JBL,104,23,16,1632.09,1998.35,0
0,0.5484155416488647,109,JBL Notebook 109,Notebook,JBL,184,15,5,2535.76,2805.35,0
1,0.5485619306564331,110,LG Áudio 110,Áudio,LG,50,24,20,3562.61,5661.81,1
0,0.5484155416488647,111,Asus Acessório 111,Acessório,Asus,155,10,12,1157.42,1763.62,0
0,0.5465297102928162,112,Sony Acessório 112,Acessório,Sony,160,18,15,1606.56,2479.69,1
0,0.5465297102928162,113,Apple Áudio 113,Áudio,Apple,168,10,4,3392.64,4347.15,1
0,0.5484155416488647,114,Dell Notebook 114,Notebook,Dell,196,5,15,3469.01,5043.86,0
0,0.5093340277671814,115,LG Notebook 115,Notebook,LG,17,28,2,2607.18,3730.45,0
0,0.5484155416488647,116,Dell Smartphone 116,Smartphone,Dell,115,24,2,3744.25,4872.81,0
0,0.5465297102928162,117,Dell TV 117,TV,Dell,136,10,19,2189.62,2715.52,1
1,0.543843686580658,118,Xiaomi Acessório 118,Acessório,Xiaomi,15,14,10,2894.92,4566.34,0
0,0.5465297102928162,119,Lenovo Notebook 119,Notebook,Lenovo,105,16,18,2110.78,3138.23,1
1,0.543843686580658,120,JBL Áudio 120,Áudio,JBL,16,19,9,901.89,1310.27,0
1,0.5485619306564331,121,Xiaomi Áudio 121,Áudio,Xiaomi,119,24,19,3366.91,4742.62,1
1,0.5485619306564331,122,JBL Acessório 122,Acessório,JBL,119,23,15,2197.89,3046.94,1
0,0.5484155416488647,123,Apple Áudio 123,Áudio,Apple,41,25,9,760.34,955.78,0
0,0.5093340277671814,124,Dell TV 124,TV,Dell,23,20,2,3088.48,3880.81,0
0,0.5093340277671814,125,Sony Smartphone 125,Smartphone,Sony,5,9,4,182.26,233.69,1
0,0.5484155416488647,126,Samsung TV 126,TV,Samsung,200,26,19,2967.57,3609.16,0
0,0.5484155416488647,127,Apple Notebook 127,Notebook,Apple,120,15,18,2047.2,2679.33,0
0,0.5484155416488647,128,Samsung Acessório 128,Acessório,Samsung,184,24,17,2574.8,3086.89,0
0,0.5484155416488647,129,LG Áudio 129,Áudio,LG,176,30,11,954.0,1503.24,0
0,0.5484155416488647,130,Sony TV 130,TV,Sony,160,8,15,3804.38,4529.02,0
1,0.5485619306564331,131,Asus TV 131,TV,Asus,146,24,20,2102.87,2754.74,1
0,0.5484155416488647,132,Lenovo TV 132,TV,Lenovo,31,16,20,3533.63,4012.64,0
0,0.5484155416488647,133,Xiaomi Notebook 133,Notebook,Xiaomi,164,11,19,1668.47,2053.5,0
0,0.5484155416488647,134,Apple Acessório 134,Acessório,Apple,134,15,15,815.45,1074.46,0
1,0.5485619306564331,135,Lenovo Smartphone 135,Smartphone,Lenovo,30,28,13,2760.92,3049.95,1
1,0.5485619306564331,136,JBL Áudio 136,Áudio,JBL,176,19,7,2505.3,3622.01,1
1,0.543843686580658,137,Asus Notebook 137,Notebook,Asus,17,7,10,3464.64,5026.3,0
1,0.5485619306564331,138,Lenovo Acessório 138,Acessório,Lenovo,191,25,7,1545.31,2425.07,1
0,0.5484155416488647,139,Asus Smartphone 139,Smartphone,Asus,139,26,15,506.55,717.8,0
0,0.5484155416488647,140,LG Áudio 140,Áudio,LG,54,19,18,3089.98,4924.19,0
1,0.5485619306564331,141,Xiaomi Smartphone 141,Smartphone,Xiaomi,148,26,15,3760.47,5964.98,1
0,0.5484155416488647,142,LG Notebook 142,Notebook,LG,137,4,12,244.65,274.62,0
0,0.5484155416488647,143,Apple Acessório 143,Acessório,Apple,109,11,1,1496.45,2043.03,0
0,0.5093340277671814,144,LG Smartphone 144,Smartphone,LG,16,22,4,2914.15,4388.07,0
0,0.5484155416488647,145,Sony Áudio 145,Áudio,Sony,133,12,15,1565.49,2327.4,0
0,0.5484155416488647,146,Samsung Smartphone 146,Smartphone,Samsung,101,21,8,532.52,586.57,0
0,0.5484155416488647,147,LG Áudio 147,Áudio,LG,132,7,18,1801.45,2709.36,0
0,0.5465297102928162,148,Apple Smartphone 148,Smartphone,Apple,63,14,12,409.58,566.11,1
0,0.5465297102928162,149,Samsung TV 149,TV,Samsung,116,3,16,3323.15,4423.61,1
1,0.5391362905502319,150,Dell Smartphone 150,Smartphone,Dell,15,4,12,638.31,839.02,1
0,0.5484155416488647,151,Sony TV 151,TV,Sony,59,8,8,3607.74,3990.96,0
1,0.5391362905502319,152,Samsung Áudio 152,Áudio,Samsung,11,4,13,2394.1,3281.96,1
0,0.5484155416488647,153,Apple Acessório 153,Acessório,Apple,141,10,9,1077.08,1497.7,0
0,0.5484155416488647,154,LG Acessório 154,Acessório,LG,55,4,4,1949.48,2380.46,0
0,0.5484155416488647,155,JBL TV 155,TV,JBL,198,23,14,2498.14,3160.8,0
0,0.5484155416488647,156,Lenovo Smartphone 156,Smartphone,Lenovo,161,19,3,2864.9,3213.65,0
0,0.5465297102928162,157,Xiaomi Áudio 157,Áudio,Xiaomi,25,8,13,2255.14,2684.98,1
0,0.5484155416488647,158,Lenovo Smartphone 158,Smartphone,Lenovo,35,10,9,328.61,428.4,0
1,0.5485619306564331,159,Apple Smartphone 159,Smartphone,Apple,151,26,3,1796.73,2819.99,1
0,0.5484155416488647,160,JBL Acessório 160,Acessório,JBL,159,7,2,1791.37,2070.88,0
0,0.5484155416488647,161,Lenovo Áudio 161,Áudio,Lenovo,93,6,20,3436.35,3872.31,0
1,0.5485619306564331,162,Asus TV 162,TV,Asus,163,26,16,2906.31,4203.13,1
1,0.543843686580658,163,Lenovo Acessório 163,Acessório,Lenovo,21,6,16,1680.12,2215.62,0
1,0.5391362905502319,164,Sony Notebook 164,Notebook,Sony,3,5,13,2132.52,3143.81,1
0,0.5484155416488647,165,Xiaomi Smartphone 165,Smartphone,Xiaomi,140,23,3,2134.55,2941.95,0
0,0.5484155416488647,166,JBL Notebook 166,Notebook,JBL,177,25,7,419.36,500.47,0
0,0.5484155416488647,167,LG TV 167,TV,LG,42,13,8,2383.01,3172.14,0
0,0.5484155416488647,168,Apple Notebook 168,Notebook,Apple,54,9,17,154.03,177.67,0
1,0.543843686580658,169,LG TV 169,TV,LG,1,20,11,261.9,297.82,0
0,0.5484155416488647,170,Dell Áudio 170,Áudio,Dell,40,16,1,1894.1,2486.47,0
0,0.5484155416488647,171,Lenovo Smartphone 171,Smartphone,Lenovo,50,9,11,2623.33,3090.06,0
0,0.5484155416488647,172,Samsung Smartphone 172,Smartphone,Samsung,150,22,7,1372.88,1847.4,0
1,0.5485619306564331,173,Sony Notebook 173,Notebook,Sony,194,27,5,2865.48,3625.96,1
1,0.5485619306564331,174,Xiaomi Acessório 174,Acessório,Xiaomi,147,24,17,329.08,471.27,1
0,0.5484155416488647,175,Sony Áudio 175,Áudio,Sony,171,2,3,3040.61,3681.08,0
0,0.5484155416488647,176,Samsung Smartphone 176,Smartphone,Samsung,46,29,7,118.56,182.34,0
0,0.5484155416488647,177,Asus Notebook 177,Notebook,Asus,180,30,3,1151.97,1453.2,0
0,0.5484155416488647,178,Dell Acessório 178,Acessório,Dell,65,24,13,2886.44,3785.7,0
0,0.5484155416488647,179,LG Notebook 179,Notebook,LG,85,2,2,2236.75,2691.6,0
0,0.5093340277671814,180,Sony Acessório 180,Acessório,Sony,23,30,6,426.07,632.38,0
0,0.5465297102928162,181,Xiaomi Smartphone 181,Smartphone,Xiaomi,183,10,3,3285.98,4082.39,1
0,0.5484155416488647,182,Apple Acessório 182,Acessório,Apple,180,27,6,948.5,1435.77,0
1,0.543843686580658,183,Dell Áudio 183,Áudio,Dell,21,30,13,283.38,436.49,0
0,0.5093340277671814,184,JBL TV 184,TV,JBL,5,7,4,190.33,295.48,1
1,0.5485619306564331,185,Dell TV 185,TV,Dell,63,23,11,2447.61,3756.18,1
0,0.5484155416488647,186,LG Notebook 186,Notebook,LG,137,6,15,2588.02,3763.18,0
0,0.5484155416488647,187,JBL Acessório 187,Acessório,JBL,181,29,11,2559.35,2986.88,0
1,0.5485619306564331,188,LG Áudio 188,Áudio,LG,28,26,17,1806.69,2592.44,1
0,0.5465297102928162,189,Lenovo Smartphone 189,Smartphone,Lenovo,135,11,15,1337.52,2112.55,1
0,0.5484155416488647,190,Asus Smartphone 190,Smartphone,Asus,109,18,13,779.04,1144.16,0
0,0.5484155416488647,191,Dell Áudio 191,Áudio,Dell,199,18,16,1992.4,2798.83,0
0,0.5484155416488647,192,LG TV 192,TV,LG,160,24,2,1637.99,2553.29,0
0,0.5093340277671814,193,Samsung Acessório 193,Acessório,Samsung,8,2,10,1187.57,1710.81,1
1,0.5485619306564331,194,Samsung Áudio 194,Áudio,Samsung,191,23,3,869.07,1359.36,1
1,0.5485619306564331,195,Samsung TV 195,TV,Samsung,69,21,9,1496.59,2006.86,1
0,0.5465297102928162,196,Apple Smartphone 196,Smartphone,Apple,67,18,13,1958.7,2560.12,1
1,0.5485619306564331,197,JBL Áudio 197,Áudio,JBL,173,20,5,2999.79,3955.95,1
0,0.5484155416488647,198,Apple Notebook 198,Notebook,Apple,147,7,1,1329.12,1747.68,0
0,0.5093340277671814,199,Dell Smartphone 199,Smartphone,Dell,11,1,3,150.34,217.37,1
1,0.5485619306564331,200,Dell Smartphone 200,Smartphone,Dell,76,29,19,149.3,182.7,1
0,0.5484155416488647,201,Sony Áudio 201,Áudio,Sony,44,11,14,990.53,1538.64,0
1,0.5485619306564331,202,Xiaomi Acessório 202,Acessório,Xiaomi,3,22,14,3660.84,5052.73,1
0,0.5093340277671814,203,JBL Acessório 203,Acessório,JBL,2,21,8,1796.46,2803.18,0
0,0.5484155416488647,204,Sony TV 204,TV,Sony,64,9,2,2691.19,3438.91,0
0,0.5465297102928162,205,Xiaomi Smartphone 205,Smartphone,Xiaomi,175,18,19,694.39,772.24,1
0,0.5484155416488647,206,LG Acessório 206,Acessório,LG,114,4,17,384.79,451.19,0
1,0.5485619306564331,207,Asus Acessório 207,Acessório,Asus,11,25,17,1514.45,2409.04,1
1,0.5485619306564331,208,JBL Smartphone 208,Smartphone,JBL,144,23,4,2322.93,3523.62,1
0,0.5465297102928162,209,Apple Smartphone 209,Smartphone,Apple,143,15,7,3788.7,4957.75,1
0,0.5465297102928162,210,LG TV 210,TV,LG,159,3,17,916.8,1221.1,1
0,0.5465297102928162,211,LG Acessório 211,Acessório,LG,102,5,6,2791.91,3356.0,1
0,0.5465297102928162,212,Sony Smartphone 212,Smartphone,Sony,95,4,2,2906.66,3866.33,1
0,0.5465297102928162,213,Samsung Áudio 213,Áudio,Samsung,114,16,7,2454.15,3271.53,1
0,0.5484155416488647,214,Dell Acessório 214,Acessório,Dell,129,6,8,440.13,666.28,0
0,0.5484155416488647,215,Asus Smartphone 215,Smartphone,Asus,122,29,16,2952.5,3514.49,0
0,0.5484155416488647,216,Asus Áudio 216,Áudio,Asus,153,29,7,3651.3,4224.51,0
0,0.5484155416488647,217,Asus TV 217,TV,Asus,0,16,4,3250.58,4808.54,0
0,0.5484155416488647,218,Xiaomi Áudio 218,Áudio,Xiaomi,88,13,3,561.36,783.81,0
0,0.5484155416488647,219,Samsung Notebook 219,Notebook,Samsung,111,18,17,1955.44,2367.65,0
0,0.5484155416488647,220,Apple Áudio 220,Áudio,Apple,136,24,14,1483.68,1849.49,0
0,0.5465297102928162,221,Lenovo Acessório 221,Acessório,Lenovo,139,5,15,2935.08,3907.15,1
0,0.5465297102928162,222,Dell Áudio 222,Áudio,Dell,160,2,20,1890.07,2102.78,1
0,0.5484155416488647,223,Xiaomi Notebook 223,Notebook,Xiaomi,174,23,3,2732.93,3890.49,0
0,0.5465297102928162,224,Apple Acessório 224,Acessório,Apple,169,1,18,767.61,979.28,1
1,0.5391362905502319,225,Samsung Acessório 225,Acessório,Samsung,6,14,18,2790.65,3939.88,1
0,0.5484155416488647,226,Apple TV 226,TV,Apple,68,4,5,653.37,931.95,0
0,0.5484155416488647,227,Sony Acessório 227,Acessório,Sony,167,24,9,3522.51,4428.96,0
1,0.5485619306564331,228,LG Acessório 228,Acessório,LG,155,25,7,2342.97,3159.28,1
0,0.5484155416488647,229,Apple Smartphone 229,Smartphone,Apple,37,16,12,1449.71,2085.38,0
0,0.5465297102928162,230,Xiaomi Notebook 230,Notebook,Xiaomi,98,11,5,397.35,607.72,1
0,0.5484155416488647,231,Lenovo TV 231,TV,Lenovo,26,17,7,1766.88,2071.1,0
0,0.5484155416488647,232,JBL TV 232,TV,JBL,79,4,12,1553.22,2296.17,0
1,0.5485619306564331,233,Sony TV 233,TV,Sony,1,25,7,3166.05,4431.26,1
1,0.5391362905502319,234,Lenovo TV 234,TV,Lenovo,10,14,12,2680.01,3511.19,1
1,0.5485619306564331,235,Xiaomi TV 235,TV,Xiaomi,175,28,12,2459.47,2705.58,1
0,0.5484155416488647,236,Asus Acessório 236,Acessório,Asus,69,27,20,104.78,152.87,0
1,0.5485619306564331,237,Sony TV 237,TV,Sony,45,24,17,2447.39,2909.45,1
1,0.543843686580658,238,Dell Acessório 238,Acessório,Dell,20,18,15,2149.73,2960.44,0
1,0.5485619306564331,239,Dell TV 239,TV,Dell,150,20,6,1802.94,2023.5,1
0,0.5484155416488647,240,Dell TV 240,TV,Dell,122,4,12,1654.4,2524.76,0
0,0.5465297102928162,241,Dell Notebook 241,Notebook,Dell,170,10,19,3998.97,5829.84,1
0,0.5465297102928162,242,Sony TV 242,TV,Sony,112,4,5,3871.74,4321.21,1
0,0.5465297102928162,243,Sony TV 243,TV,Sony,162,17,5,1955.22,2600.01,1
0,0.5465297102928162,244,Apple Notebook 244,Notebook,Apple,154,18,5,3133.68,4061.8,1
0,0.5484155416488647,245,Asus Áudio 245,Áudio,Asus,50,17,2,1484.54,2265.63,0
0,0.5484155416488647,246,Dell Áudio 246,Áudio,Dell,112,27,4,3787.77,5024.01,0
0,0.5484155416488647,247,Xiaomi Smartphone 247,Smartphone,Xiaomi,196,8,19,1025.82,1153.59,0
0,0.5465297102928162,248,Samsung TV 248,TV,Samsung,63,16,18,2611.3,3381.49,1
0,0.5484155416488647,249,Lenovo Acessório 249,Acessório,Lenovo,158,21,2,3231.78,3622.69,0
0,0.5484155416488647,250,Sony Acessório 250,Acessório,Sony,115,25,9,1731.45,1918.53,0
0,0.5484155416488647,251,LG Notebook 251,Notebook,LG,153,27,16,3172.6,3856.91,0
0,0.5484155416488647,252,Dell Notebook 252,Notebook,Dell,180,7,4,2612.15,3139.68,0
0,0.5484155416488647,253,Sony Acessório 253,Acessório,Sony,183,4,20,803.9,1190.83,0
0,0.5484155416488647,254,Asus Acessório 254,Acessório,Asus,117,15,8,2058.17,2289.58,0
0,0.5484155416488647,255,Dell Acessório 255,Acessório,Dell,198,7,3,3641.4,4286.23,0
0,0.5484155416488647,256,LG TV 256,TV,LG,64,4,14,3526.45,4202.12,0
1,0.5485619306564331,257,Xiaomi Notebook 257,Notebook,Xiaomi,188,27,14,1153.04,1531.27,1
0,0.5465297102928162,258,Samsung Acessório 258,Acessório,Samsung,110,2,16,3677.38,5013.36,1
1,0.5485619306564331,259,Xiaomi Notebook 259,Notebook,Xiaomi,104,26,12,1131.3,1464.01,1
0,0.5484155416488647,260,JBL Notebook 260,Notebook,JBL,111,13,4,3865.0,5005.86,0
0,0.5465297102928162,261,Dell TV 261,TV,Dell,126,1,14,919.06,1235.52,1
1,0.5485619306564331,262,Apple Smartphone 262,Smartphone,Apple,110,29,10,3622.54,4364.1,1
0,0.5484155416488647,263,Sony Smartphone 263,Smartphone,Sony,184,18,11,3626.39,5540.81,0
1,0.5485619306564331,264,Lenovo TV 264,TV,Lenovo,37,24,6,3802.73,5146.72,1
0,0.5484155416488647,265,Dell Áudio 265,Áudio,Dell,124,14,16,906.63,1326.1,0
1,0.5391362905502319,266,Xiaomi TV 266,TV,Xiaomi,7,17,19,2314.48,2961.0,1
1,0.5485619306564331,267,JBL Smartphone 267,Smartphone,JBL,38,19,3,532.11,654.76,1
0,0.5484155416488647,268,Asus Smartphone 268,Smartphone,Asus,176,11,2,2072.16,2411.39,0
0,0.5465297102928162,269,LG Acessório 269,Acessório,LG,146,9,10,2757.59,4102.48,1
0,0.5465297102928162,270,JBL Notebook 270,Notebook,JBL,106,16,3,290.3,341.79,1
0,0.5465297102928162,271,Apple Áudio 271,Áudio,Apple,199,8,10,494.32,710.8,1
1,0.5485619306564331,272,JBL Notebook 272,Notebook,JBL,80,23,2,1124.5,1451.05,1
0,0.5465297102928162,273,Apple Notebook 273,Notebook,Apple,153,14,20,2630.18,2906.78,1
1,0.5391362905502319,274,Xiaomi Smartphone 274,Smartphone,Xiaomi,1,2,20,1637.33,2318.91,1
0,0.5465297102928162,275,JBL Smartphone 275,Smartphone,JBL,161,11,1,3625.04,4319.55,1
0,0.5484155416488647,276,Dell Áudio 276,Áudio,Dell,108,25,6,3226.95,4964.34,0
0,0.5465297102928162,277,LG Notebook 277,Notebook,LG,53,2,12,3044.22,4260.81,1
0,0.5484155416488647,278,JBL Áudio 278,Áudio,JBL,139,27,12,979.84,1465.85,0
0,0.5484155416488647,279,LG TV 279,TV,LG,134,2,2,2928.58,3940.17,0
0,0.5465297102928162,280,Apple Áudio 280,Áudio,Apple,139,4,20,1983.57,2237.17,1
0,0.5484155416488647,281,Samsung Áudio 281,Áudio,Samsung,134,18,19,3396.44,3915.67,0
0,0.5484155416488647,282,Apple Acessório 282,Acessório,Apple,73,19,18,818.14,1146.75,0
0,0.5484155416488647,283,LG Acessório 283,Acessório,LG,41,9,15,1607.09,2455.59,0
1,0.543843686580658,284,Xiaomi Áudio 284,Áudio,Xiaomi,19,11,12,176.97,238.1,0
0,0.5465297102928162,285,Dell Notebook 285,Notebook,Dell,73,17,8,2206.87,3206.38,1
0,0.5484155416488647,286,Dell Notebook 286,Notebook,Dell,85,1,10,3115.75,4734.76,0
0,0.5484155416488647,287,Xiaomi Áudio 287,Áudio,Xiaomi,43,10,11,3240.98,4139.12,0
0,0.5465297102928162,288,Dell TV 288,TV,Dell,96,3,4,3847.02,6119.17,1
0,0.5465297102928162,289,Lenovo Notebook 289,Notebook,Lenovo,54,11,1,3856.87,4518.24,1
0,0.5484155416488647,290,Dell Notebook 290,Notebook,Dell,109,22,10,389.47,537.6,0
0,0.5465297102928162,291,Dell Notebook 291,Notebook,Dell,106,5,17,654.57,897.55,1
1,0.5485619306564331,292,LG TV 292,TV,LG,50,30,12,2998.47,3480.38,1
0,0.5465297102928162,293,Xiaomi TV 293,TV,Xiaomi,65,16,11,2470.2,2830.85,1
0,0.5484155416488647,294,Sony TV 294,TV,Sony,81,27,7,2317.64,2821.91,0
0,0.5484155416488647,295,Dell Notebook 295,Notebook,Dell,190,21,12,1178.66,1842.16,0
0,0.5484155416488647,296,Dell Smartphone 296,Smartphone,Dell,140,21,3,2732.25,4237.4,0
1,0.5485619306564331,297,Lenovo Acessório 297,Acessório,Lenovo,169,23,1,1548.07,1861.99,1
0,0.5484155416488647,298,Apple Smartphone 298,Smartphone,Apple,186,6,9,2175.14,2433.99,0
0,0.5465297102928162,299,Samsung Áudio 299,Áudio,Samsung,145,17,15,1873.22,2375.64,1
0,0.5484155416488647,300,Samsung Smartphone 300,Smartphone,Samsung,87,29,19,3016.94,4790.02,0
0,0.5484155416488647,301,Lenovo TV 301,TV,Lenovo,96,3,18,2141.54,2485.83,0
0,0.5465297102928162,302,LG Acessório 302,Acessório,LG,105,5,20,857.02,1319.86,1
1,0.5485619306564331,303,Apple Smartphone 303,Smartphone,Apple,15,19,19,1156.2,1535.93,1
0,0.5465297102928162,304,Xiaomi TV 304,TV,Xiaomi,125,18,7,727.26,851.39,1
1,0.543843686580658,305,Samsung Acessório 305,Acessório,Samsung,4,7,14,1078.66,1636.53,0
1,0.5485619306564331,306,JBL Acessório 306,Acessório,JBL,107,28,20,3329.7,4111.73,1
0,0.5484155416488647,307,Sony TV 307,TV,Sony,182,28,16,3935.27,4371.5,0
0,0.5465297102928162,308,Dell TV 308,TV,Dell,43,7,10,3956.95,5687.66,1
0,0.5484155416488647,309,Dell Notebook 309,Notebook,Dell,136,25,2,3011.5,4638.77,0
0,0.5465297102928162,310,Lenovo Smartphone 310,Smartphone,Lenovo,157,14,3,3763.11,5100.45,1
1,0.5485619306564331,311,Sony Smartphone 311,Smartphone,Sony,126,23,7,2932.98,3738.01,1
1,0.5485619306564331,312,Lenovo Áudio 312,Áudio,Lenovo,123,25,9,1559.37,2239.79,1
0,0.5484155416488647,313,Sony Áudio 313,Áudio,Sony,140,9,14,796.26,1000.81,0
0,0.5484155416488647,314,Samsung Notebook 314,Notebook,Samsung,193,26,5,1816.65,2064.89,0
0,0.5465297102928162,315,Apple Smartphone 315,Smartphone,Apple,80,12,1,1375.62,1939.95,1
0,0.5484155416488647,316,Apple Smartphone 316,Smartphone,Apple,64,10,16,3201.88,3868.58,0
0,0.5484155416488647,317,JBL Acessório 317,Acessório,JBL,187,12,12,536.99,661.0,0
0,0.5484155416488647,318,LG Smartphone 318,Smartphone,LG,113,23,14,3581.48,5678.12,0
1,0.5485619306564331,319,JBL Smartphone 319,Smartphone,JBL,110,24,20,549.91,690.98,1
0,0.5484155416488647,320,LG Acessório 320,Acessório,LG,65,25,9,2457.16,3286.67,0
0,0.5465297102928162,321,Sony TV 321,TV,Sony,34,6,11,1441.52,1604.65,1
0,0.5465297102928162,322,Apple Notebook 322,Notebook,Apple,50,6,4,1766.87,2001.91,1
0,0.5484155416488647,323,Xiaomi Smartphone 323,Smartphone,Xiaomi,136,5,14,2745.72,3170.77,0
0,0.5484155416488647,324,LG TV 324,TV,LG,167,17,12,2934.13,3276.31,0
0,0.5093340277671814,325,LG Áudio 325,Áudio,LG,5,14,5,267.44,308.88,0
0,0.5484155416488647,326,Sony Áudio 326,Áudio,Sony,169,7,8,996.85,1161.71,0
0,0.5093340277671814,327,Lenovo Notebook 327,Notebook,Lenovo,15,22,1,2006.74,2637.56,0
0,0.5484155416488647,328,Xiaomi Smartphone 328,Smartphone,Xiaomi,189,8,4,978.71,1193.79,0
0,0.5465297102928162,329,Apple Áudio 329,Áudio,Apple,66,10,14,3985.17,4775.5,1
0,0.5484155416488647,330,Sony TV 330,TV,Sony,164,6,11,2416.36,3715.28,0
0,0.5484155416488647,331,JBL Notebook 331,Notebook,JBL,161,4,4,1066.43,1255.08,0
0,0.5484155416488647,332,Lenovo Smartphone 332,Smartphone,Lenovo,64,5,17,1997.44,2581.91,0
0,0.5484155416488647,333,LG TV 333,TV,LG,135,25,3,290.95,373.09,0
0,0.5484155416488647,334,LG Áudio 334,Áudio,LG,41,12,8,3975.84,4419.04,0
0,0.5484155416488647,335,Sony TV 335,TV,Sony,34,27,7,3597.44,5399.12,0
0,0.5484155416488647,336,Asus TV 336,TV,Asus,159,19,8,443.96,698.72,0
0,0.5465297102928162,337,Sony Acessório 337,Acessório,Sony,142,4,20,3780.14,4438.06,1
0,0.5484155416488647,338,Asus Notebook 338,Notebook,Asus,194,13,16,2455.66,2915.35,0
0,0.5484155416488647,339,LG Áudio 339,Áudio,LG,96,7,3,349.14,498.73,0
0,0.5093340277671814,340,LG Smartphone 340,Smartphone,LG,20,2,2,1041.82,1638.8,1
0,0.5484155416488647,341,LG TV 341,TV,LG,193,27,1,2710.56,4243.17,0
0,0.5484155416488647,342,JBL Acessório 342,Acessório,JBL,98,1,19,475.86,632.1,0
1,0.5485619306564331,343,Sony TV 343,TV,Sony,85,23,1,94.14,148.31,1
0,0.5484155416488647,344,Apple TV 344,TV,Apple,86,11,5,3099.27,3503.19,0
0,0.5484155416488647,345,Sony Acessório 345,Acessório,Sony,142,27,7,3918.33,5930.49,0
1,0.5485619306564331,346,Dell TV 346,TV,Dell,61,29,5,1359.74,1617.91,1
1,0.5485619306564331,347,Lenovo Notebook 347,Notebook,Lenovo,51,24,11,3619.62,5598.07,1
1,0.5485619306564331,348,LG Áudio 348,Áudio,LG,154,24,6,2874.39,3244.65,1
1,0.5485619306564331,349,Sony Notebook 349,Notebook,Sony,134,23,5,392.36,602.37,1
0,0.5465297102928162,350,JBL Áudio 350,Áudio,JBL,32,4,2,103.96,118.31,1
1,0.5485619306564331,351,Lenovo TV 351,TV,Lenovo,43,29,5,2641.74,3942.47,1
0,0.5484155416488647,352,LG Acessório 352,Acessório,LG,125,20,13,2090.89,3068.95,0
1,0.5485619306564331,353,Sony Smartphone 353,Smartphone,Sony,106,21,4,1290.42,2053.44,1
0,0.5465297102928162,354,Lenovo Smartphone 354,Smartphone,Lenovo,142,13,15,3490.09,5073.89,1
0,0.5484155416488647,355,Samsung Acessório 355,Acessório,Samsung,126,4,2,3799.54,4246.54,0
0,0.5484155416488647,356,Sony Acessório 356,Acessório,Sony,37,28,15,3147.01,4926.57,0
0,0.5484155416488647,357,Asus Áudio 357,Áudio,Asus,107,3,4,1527.17,1884.97,0
0,0.5484155416488647,358,Asus Smartphone 358,Smartphone,Asus,104,20,1,1568.88,2353.78,0
0,0.5484155416488647,359,Apple Notebook 359,Notebook,Apple,90,23,8,924.4,1423.26,0
0,0.5465297102928162,360,Lenovo Acessório 360,Acessório,Lenovo,100,16,13,2359.92,2777.46,1
1,0.5485619306564331,361,Xiaomi Áudio 361,Áudio,Xiaomi,150,25,6,3481.62,4272.35,1
0,0.5465297102928162,362,Lenovo Áudio 362,Áudio,Lenovo,197,11,13,1851.77,2676.77,1
0,0.5484155416488647,363,Samsung Áudio 363,Áudio,Samsung,126,30,1,639.42,777.01,0
0,0.5484155416488647,364,Dell TV 364,TV,Dell,49,30,11,1281.99,1736.48,0
0,0.5484155416488647,365,Dell Acessório 365,Acessório,Dell,106,4,7,2864.29,4530.19,0
0,0.5465297102928162,366,Lenovo Áudio 366,Áudio,Lenovo,149,17,17,351.87,511.47,1
0,0.5484155416488647,367,Asus TV 367,TV,Asus,119,29,10,115.1,148.17,0
0,0.5465297102928162,368,Asus TV 368,TV,Asus,27,15,9,3708.52,4700.38,1
1,0.543843686580658,369,Asus TV 369,TV,Asus,24,23,9,2108.05,3005.88,0
0,0.5465297102928162,370,Dell Notebook 370,Notebook,Dell,30,10,9,2878.6,3829.84,1
0,0.5465297102928162,371,Apple Notebook 371,Notebook,Apple,173,12,12,3694.65,4734.62,1
0,0.5465297102928162,372,Asus Smartphone 372,Smartphone,Asus,102,12,13,499.22,760.83,1
0,0.5484155416488647,373,Lenovo TV 373,TV,Lenovo,50,20,20,3196.28,3978.37,0
0,0.5484155416488647,374,Samsung Áudio 374,Áudio,Samsung,114,7,17,3178.47,4934.48,0
0,0.5484155416488647,375,Sony Smartphone 375,Smartphone,Sony,60,30,20,1584.96,2438.74,0
0,0.5484155416488647,376,Lenovo TV 376,TV,Lenovo,72,20,15,1567.75,1962.67,0
0,0.5465297102928162,377,LG Acessório 377,Acessório,LG,69,5,19,3329.09,4943.88,1
0,0.5484155416488647,378,Dell TV 378,TV,Dell,115,25,18,833.58,938.85,0
0,0.5484155416488647,379,Apple Notebook 379,Notebook,Apple,55,24,12,2101.98,2517.39,0
0,0.5465297102928162,380,JBL Áudio 380,Áudio,JBL,118,18,4,2431.52,3408.49,1
0,0.5484155416488647,381,Samsung TV 381,TV,Samsung,155,14,20,591.91,829.35,0
0,0.5093340277671814,382,Samsung Notebook 382,Notebook,Samsung,11,8,2,1709.16,2577.47,1
0,0.5465297102928162,383,Samsung Acessório 383,Acessório,Samsung,158,15,20,2304.19,3236.03,1
1,0.5485619306564331,384,Xiaomi Smartphone 384,Smartphone,Xiaomi,151,28,9,2353.88,2739.12,1
1,0.5485619306564331,385,JBL Smartphone 385,Smartphone,JBL,57,23,8,1791.48,2631.19,1
0,0.5465297102928162,386,Lenovo TV 386,TV,Lenovo,185,6,16,106.4,155.04,1
1,0.5485619306564331,387,Dell Smartphone 387,Smartphone,Dell,74,25,9,2156.71,3050.51,1
0,0.5484155416488647,388,Samsung TV 388,TV,Samsung,183,7,17,2884.66,4372.25,0
0,0.5484155416488647,389,Xiaomi Áudio 389,Áudio,Xiaomi,153,11,6,2927.12,4154.29,0
0,0.5484155416488647,390,LG Áudio 390,Áudio,LG,188,26,17,3069.8,4467.31,0
0,0.5484155416488647,391,Samsung Smartphone 391,Smartphone,Samsung,41,21,5,3576.61,5126.11,0
0,0.5484155416488647,392,Apple Notebook 392,Notebook,Apple,35,14,4,2409.6,3574.57,0
0,0.5484155416488647,393,Apple Smartphone 393,Smartphone,Apple,62,14,14,234.54,316.17,0
0,0.5484155416488647,394,Samsung Áudio 394,Áudio,Samsung,188,21,14,3551.49,4480.38,0
0,0.5484155416488647,395,LG Notebook 395,Notebook,LG,75,1,6,3816.31,5024.96,0
0,0.5484155416488647,396,Asus Smartphone 396,Smartphone,Asus,154,25,19,2936.86,4538.12,0
0,0.5484155416488647,397,Asus Notebook 397,Notebook,Asus,164,15,20,1579.53,1751.47,0
0,0.5465297102928162,398,Samsung Notebook 398,Notebook,Samsung,199,16,7,1583.5,2477.78,1
0,0.5484155416488647,399,Asus Áudio 399,Áudio,Asus,71,7,12,797.6,1022.47,0
0,0.5484155416488647,400,Asus TV 400,TV,Asus,200,16,17,2342.96,2673.41,0
1,0.543843686580658,401,JBL TV 401,TV,JBL,20,8,14,3818.57,5518.74,0
0,0.5484155416488647,402,Sony Notebook 402,Notebook,Sony,143,12,8,3715.94,4221.0,0
0,0.5465297102928162,403,Samsung Notebook 403,Notebook,Samsung,75,1,18,421.47,466.41,1
0,0.5465297102928162,404,Lenovo Notebook 404,Notebook,Lenovo,151,4,10,707.47,987.42,1
1,0.5485619306564331,405,Sony TV 405,TV,Sony,200,21,15,1612.13,2128.86,1
1,0.5485619306564331,406,Sony Smartphone 406,Smartphone,Sony,78,23,12,2586.39,3131.89,1
0,0.5484155416488647,407,Sony Smartphone 407,Smartphone,Sony,190,17,18,3117.55,4567.6,0
0,0.5484155416488647,408,Apple Áudio 408,Áudio,Apple,180,22,1,2841.9,3881.64,0
1,0.5485619306564331,409,JBL TV 409,TV,JBL,118,19,19,1509.77,1674.54,1
1,0.5485619306564331,410,Xiaomi Smartphone 410,Smartphone,Xiaomi,12,24,7,2375.59,3604.76,1
1,0.5485619306564331,411,JBL Notebook 411,Notebook,JBL,74,28,2,2721.22,3345.31,1
0,0.5465297102928162,412,Apple Áudio 412,Áudio,Apple,194,12,14,3498.46,4909.06,1
0,0.5484155416488647,413,Apple Notebook 413,Notebook,Apple,128,11,1,2252.87,3497.53,0
1,0.5485619306564331,414,Apple Smartphone 414,Smartphone,Apple,94,26,12,2221.51,3387.06,1
1,0.5485619306564331,415,Sony Áudio 415,Áudio,Sony,2,22,18,2688.83,4010.49,1
0,0.5484155416488647,416,Samsung Áudio 416,Áudio,Samsung,71,11,9,1632.65,2564.24,0
1,0.5485619306564331,417,Sony Notebook 417,Notebook,Sony,19,21,16,2675.31,3488.06,1
1,0.5485619306564331,418,Lenovo Notebook 418,Notebook,Lenovo,177,28,12,905.69,1364.16,1
0,0.5465297102928162,419,Asus Notebook 419,Notebook,Asus,92,3,2,3259.24,4938.61,1
1,0.5485619306564331,420,Apple Smartphone 420,Smartphone,Apple,128,20,20,3068.98,4652.18,1
1,0.543843686580658,421,Lenovo TV 421,TV,Lenovo,2,8,9,3592.05,4164.91,0
1,0.5485619306564331,422,Sony Acessório 422,Acessório,Sony,189,19,15,3700.07,4945.82,1
0,0.5484155416488647,423,Samsung Smartphone 423,Smartphone,Samsung,121,16,8,1425.47,1899.0,0
0,0.5465297102928162,424,JBL Smartphone 424,Smartphone,JBL,141,18,7,1557.87,2473.73,1
0,0.5465297102928162,425,Sony Notebook 425,Notebook,Sony,192,3,2,643.74,916.95,1
1,0.5485619306564331,426,LG TV 426,TV,LG,42,24,15,2671.33,4138.75,1
0,0.5484155416488647,427,Asus Smartphone 427,Smartphone,Asus,162,3,8,3612.65,4901.42,0
0,0.5465297102928162,428,Dell TV 428,TV,Dell,60,5,14,241.78,365.25,1
0,0.5484155416488647,429,JBL Notebook 429,Notebook,JBL,128,27,1,1327.35,1670.94,0
0,0.5484155416488647,430,JBL Smartphone 430,Smartphone,JBL,36,19,17,2524.92,3086.65,0
0,0.5465297102928162,431,Samsung Acessório 431,Acessório,Samsung,189,18,6,1421.24,2122.09,1
0,0.5484155416488647,432,Lenovo TV 432,TV,Lenovo,176,13,5,3418.04,5051.56,0
1,0.5485619306564331,433,Samsung Acessório 433,Acessório,Samsung,109,30,14,341.43,441.41,1
0,0.5484155416488647,434,LG Acessório 434,Acessório,LG,119,21,18,1445.25,2173.88,0
0,0.5465297102928162,435,Sony Áudio 435,Áudio,Sony,130,18,8,3332.17,4336.16,1
0,0.5484155416488647,436,Apple Smartphone 436,Smartphone,Apple,133,21,9,1491.17,1677.63,0
0,0.5465297102928162,437,Apple Acessório 437,Acessório,Apple,143,6,10,1060.0,1503.18,1
0,0.5484155416488647,438,Apple Áudio 438,Áudio,Apple,62,23,9,1443.66,2074.09,0
0,0.5465297102928162,439,Xiaomi Acessório 439,Acessório,Xiaomi,115,7,18,3962.22,4919.83,1
0,0.5465297102928162,440,Sony Áudio 440,Áudio,Sony,31,12,1,2964.14,3458.15,1
0,0.5484155416488647,441,Lenovo Smartphone 441,Smartphone,Lenovo,125,18,7,187.97,215.84,0
0,0.5465297102928162,442,Samsung Smartphone 442,Smartphone,Samsung,157,4,1,3156.38,3539.07,1
1,0.5485619306564331,443,LG TV 443,TV,LG,24,20,12,2467.67,3557.5,1
0,0.5484155416488647,444,Apple TV 444,TV,Apple,136,1,11,191.97,241.88,0
0,0.5465297102928162,445,Dell Smartphone 445,Smartphone,Dell,127,5,18,2223.94,2972.47,1
0,0.5484155416488647,446,Apple TV 446,TV,Apple,195,5,8,831.35,1108.63,0
0,0.5465297102928162,447,JBL TV 447,TV,JBL,196,3,2,2282.65,3147.92,1
0,0.5484155416488647,448,JBL Smartphone 448,Smartphone,JBL,141,25,8,3177.9,4663.05,0
0,0.5484155416488647,449,LG Notebook 449,Notebook,LG,113,29,8,3702.46,5785.17,0
0,0.5484155416488647,450,Sony Acessório 450,Acessório,Sony,66,2,4,467.47,557.39,0
0,0.5465297102928162,451,Sony Smartphone 451,Smartphone,Sony,110,15,4,2426.67,3845.99,1
1,0.543843686580658,452,Apple Notebook 452,Notebook,Apple,22,30,12,1796.98,2032.83,0
0,0.5484155416488647,453,Apple Áudio 453,Áudio,Apple,139,12,8,2753.31,3488.94,0
0,0.5484155416488647,454,Xiaomi Áudio 454,Áudio,Xiaomi,97,16,19,1423.88,1693.08,0
0,0.5484155416488647,455,Apple Notebook 455,Notebook,Apple,110,24,17,155.96,239.81,0
0,0.5484155416488647,456,JBL Notebook 456,Notebook,JBL,162,10,2,3343.38,4337.29,0
1,0.543843686580658,457,Apple Acessório 457,Acessório,Apple,24,2,16,2367.39,3727.97,0
0,0.5093340277671814,458,Dell TV 458,TV,Dell,5,5,5,2411.56,2804.36,1
0,0.5484155416488647,459,Asus Áudio 459,Áudio,Asus,130,1,1,951.71,1293.95,0
0,0.5484155416488647,460,Xiaomi Notebook 460,Notebook,Xiaomi,35,26,7,3986.28,6070.64,0
0,0.5484155416488647,461,Asus TV 461,TV,Asus,116,2,15,1062.74,1390.35,0
1,0.5485619306564331,462,Samsung Smartphone 462,Smartphone,Samsung,48,21,18,1758.72,2785.73,1
1,0.5485619306564331,463,LG Acessório 463,Acessório,LG,136,22,14,3199.1,4665.69,1
0,0.5465297102928162,464,Lenovo Áudio 464,Áudio,Lenovo,182,6,2,412.26,644.78,1
0,0.5484155416488647,465,JBL Acessório 465,Acessório,JBL,182,3,16,3061.67,4270.0,0
0,0.5484155416488647,466,Dell Áudio 466,Áudio,Dell,86,8,12,1511.03,2175.05,0
0,0.5484155416488647,467,Lenovo Smartphone 467,Smartphone,Lenovo,122,4,12,3398.39,4703.18,0
1,0.5485619306564331,468,Sony Smartphone 468,Smartphone,Sony,101,21,16,459.89,702.93,1
0,0.5484155416488647,469,JBL Smartphone 469,Smartphone,JBL,121,30,4,201.93,230.0,0
0,0.5465297102928162,470,Xiaomi Notebook 470,Notebook,Xiaomi,40,3,8,3193.25,3874.09,1
0,0.5484155416488647,471,Apple Áudio 471,Áudio,Apple,199,15,5,933.65,1215.29,0
0,0.5484155416488647,472,Xiaomi TV 472,TV,Xiaomi,138,4,5,2549.96,2894.89,0
1,0.5391362905502319,473,Dell Acessório 473,Acessório,Dell,21,17,12,1091.07,1594.49,1
1,0.5485619306564331,474,Asus Acessório 474,Acessório,Asus,170,26,16,1336.39,1704.1,1
0,0.5465297102928162,475,Lenovo Smartphone 475,Smartphone,Lenovo,67,9,17,2136.0,2821.06,1
0,0.5484155416488647,476,JBL Áudio 476,Áudio,JBL,46,26,6,1427.74,2011.25,0
1,0.5485619306564331,477,Dell Smartphone 477,Smartphone,Dell,130,25,5,1459.77,1827.64,1
0,0.5484155416488647,478,Samsung Notebook 478,Notebook,Samsung,133,16,9,574.64,839.91,0
0,0.5484155416488647,479,Xiaomi Notebook 479,Notebook,Xiaomi,176,16,17,2426.39,3690.82,0
0,0.5484155416488647,480,Asus TV 480,TV,Asus,64,16,14,1403.12,1716.4,0
0,0.5465297102928162,481,Dell Áudio 481,Áudio,Dell,43,17,12,2845.95,3753.32,1
0,0.5465297102928162,482,Lenovo Notebook 482,Notebook,Lenovo,80,9,19,1310.78,1486.72,1
0,0.5484155416488647,483,Xiaomi TV 483,TV,Xiaomi,26,28,2,2988.07,4184.36,0
0,0.5465297102928162,484,Sony Notebook 484,Notebook,Sony,159,14,10,1077.99,1703.34,1
0,0.5484155416488647,485,Apple Acessório 485,Acessório,Apple,90,5,9,1177.0,1761.1,0
0,0.5484155416488647,486,Sony Smartphone 486,Smartphone,Sony,200,3,6,570.05,901.8,0
0,0.5484155416488647,487,Asus Notebook 487,Notebook,Asus,182,16,14,3114.63,4650.56,0
0,0.5465297102928162,488,Sony Notebook 488,Notebook,Sony,94,8,20,2449.0,2814.7,1
0,0.5484155416488647,489,Apple Notebook 489,Notebook,Apple,176,30,2,2882.62,4099.36,0
0,0.5484155416488647,490,Xiaomi Smartphone 490,Smartphone,Xiaomi,67,24,9,677.49,866.74,0
1,0.543843686580658,491,Apple Áudio 491,Áudio,Apple,16,27,18,98.87,135.84,0
0,0.5484155416488647,492,Xiaomi TV 492,TV,Xiaomi,54,6,13,2153.82,2957.62,0
0,0.5465297102928162,493,Dell Acessório 493,Acessório,Dell,182,13,5,2168.7,2433.07,1
0,0.5484155416488647,494,Apple Smartphone 494,Smartphone,Apple,130,2,14,2751.1,4388.15,0
0,0.5484155416488647,495,LG Notebook 495,Notebook,LG,45,1,9,2484.03,3487.95,0
0,0.5484155416488647,496,LG Notebook 496,Notebook,LG,95,5,10,1478.45,2291.87,0
0,0.5484155416488647,497,Sony Acessório 497,Acessório,Sony,134,27,6,1653.95,2544.39,0
0,0.5465297102928162,498,JBL Smartphone 498,Smartphone,JBL,117,6,9,2795.07,4136.59,1
0,0.5465297102928162,499,Xiaomi Smartphone 499,Smartphone,Xiaomi,79,14,13,2434.77,3048.08,1
0,0.5465297102928162,500,Xiaomi TV 500,TV,Xiaomi,197,3,18,1555.96,2243.02,1
